ID,Nom,Ville,Province,Age,Email
101,Noah,montreal,quebec,23,noah.projet@example.com
102,Emma,ottawa,ontario,31,emma.projet@example.com
103,Louis,quebec,quebec,27,louis.projet@example.com
104,Chloe,toronto,ontario,,chloe.projet@example.com
105,Adam,,quebec,45,adam.projet@example.com
106,Mia,gatineau,quebec,29,mia.projet@example.com
107,Leo,sherbrooke,quebec,38,
108,Zoe,ottawa,ontario,19,zoe.projet@example.com
109,Thomas,montreal,,34,thomas.projet@example.com
110,Jade,toronto,ontario,41,jade.projet@example.com
111,Hugo,,ontario,22,hugo.projet@example.com
112,Ines,quebec,quebec,,ines.projet@example.com
113,Arthur,gatineau,quebec,36,arthur.projet@example.com
114,Lina,montreal,quebec,26,lina.projet@example.com
115,Anis,ottawa,ontario,18,anis.projet@example.com
116,Lea,,quebec,52,lea.projet@example.com
117,Mehdi,sherbrooke,quebec,33,mehdi.projet@example.com
118,Nour,toronto,ontario,24,nour.projet@example.com
119,Malek,montreal,quebec,,malek.projet@example.com
120,Sarah,quebec,quebec,30,sarah.projet@example.com
